Sample_ID,Participant,Bottle_ID,Incubation,pH,Redox,Carbon,PFAS,Time,PFOA,diPAP,monoPAP ,FTOH,PFHxA,PFOA_Norm,diPAP_Norm
B0F1,A,Bottle_01,Biotic,2,Aerobic,lactose,Yes,0,2664,1462.114081,NA,0,2.318686499,88.79125288,48.73713604
B0F2,A,Bottle_02,Biotic,7,Aerobic,lactose,Yes,0,3617,2456.889666,19.2,0,1.917468717,120.5538334,81.8963222
B0F3,A,Bottle_03,Biotic,2,Aerobic,glucose,Yes,0,2888,1989.516862,19.3,0,0,96.27646397,66.31722875
B0F4,A,Bottle_04,Biotic,7,Aerobic,glucose,Yes,0,4046,3289.656757,26.9,0,0,134.862545,109.6552252
B0F5,A,Bottle_05,Biotic,2,Anaerobic,lactose,Yes,0,4493,3027.200266,29.2,0,0,149.780843,100.9066755
B0F6,A,Bottle_06,Biotic,7,Anaerobic,lactose,Yes,0,3716,3690.596053,27.8,0,0,123.8638395,123.0198684
B0F7,A,Bottle_07,Biotic,2,Anaerobic,glucose,Yes,0,4209,2654.15172,22.4,0,1.511410635,140.2852247,88.47172398
B0F8,A,Bottle_08,Biotic,7,Anaerobic,glucose,Yes,0,5040,2583.787826,11.8,0,2.414073448,168.0028823,86.12626086
B0F9,A,Bottle_09,Biotic,2,Aerobic,lactose,No,0,0,0,0,0,0,NA,NA
B0F10,A,Bottle_10,Biotic,7,Aerobic,lactose,No,0,0,0,0,0,0,NA,NA
B0F11,A,Bottle_11,Biotic,2,Aerobic,glucose,No,0,0,0,0,0,0,NA,NA
B0F12,A,Bottle_12,Biotic,7,Aerobic,glucose,No,0,0,0,0,0,0,NA,NA
B0F13,A,Bottle_13,Biotic,2,Anaerobic,lactose,No,0,0,0,0,0,0,NA,NA
B0F14,A,Bottle_14,Biotic,7,Anaerobic,lactose,No,0,0,0,0,0,0,NA,NA
B0F15,A,Bottle_15,Biotic,2,Anaerobic,glucose,No,0,0,0,0,0,0,NA,NA
B0F16,A,Bottle_16,Biotic,7,Anaerobic,glucose,No,0,0,0,0,0,0,NA,NA
B4F1,A,Bottle_01,Biotic,2,Aerobic,lactose,Yes,4,NA,4816.80473,37.3,0,0,NA,160.5601577
B4F2,A,Bottle_02,Biotic,7,Aerobic,lactose,Yes,4,4664,3855.862103,NA,0,3.288202469,155.4746035,128.5287368
B4F3,A,Bottle_03,Biotic,2,Aerobic,glucose,Yes,4,4084,3587.090349,19.3,0,0,136.1281608,119.5696783
B4F4,A,Bottle_04,Biotic,7,Aerobic,glucose,Yes,4,4121,6608.204513,20.4,0,0,137.3557708,220.2734838
B4F5,A,Bottle_05,Biotic,2,Anaerobic,lactose,Yes,4,4539,4614.862853,22.2,0,2.216400082,151.3158814,153.8287618
B4F6,A,Bottle_06,Biotic,7,Anaerobic,lactose,Yes,4,NA,5399.312849,27.4,0,0,NA,179.977095
B4F7,A,Bottle_07,Biotic,2,Anaerobic,glucose,Yes,4,5126,3493.232409,19.8,0,2.512745507,170.8585195,116.4410803
B4F8,A,Bottle_08,Biotic,7,Anaerobic,glucose,Yes,4,4548,914.0234824,NA,0,0,151.5939485,30.46744941
B4F9,A,Bottle_09,Biotic,2,Aerobic,lactose,No,4,0,0,0,0,0,NA,NA
B4F10,A,Bottle_10,Biotic,7,Aerobic,lactose,No,4,0,0,0,0,0,NA,NA
B4F11,A,Bottle_11,Biotic,2,Aerobic,glucose,No,4,0,0,0,0,0,NA,NA
B4F12,A,Bottle_12,Biotic,7,Aerobic,glucose,No,4,0,0,0,2.17,0,NA,NA
B4F13,A,Bottle_13,Biotic,2,Anaerobic,lactose,No,4,0,0,0,0,0,NA,NA
B4F14,A,Bottle_14,Biotic,7,Anaerobic,lactose,No,4,0,0,0,0,0,NA,NA
B4F15,A,Bottle_15,Biotic,2,Anaerobic,glucose,No,4,0,0,0,0,0,NA,NA
B4F16,A,Bottle_16,Biotic,7,Anaerobic,glucose,No,4,0,0,0,0,0,NA,NA
B8F1,A,Bottle_01,Biotic,2,Aerobic,lactose,Yes,8,5910,3476.205179,21.2,2.14,0,196.9919541,115.873506
B8F2,A,Bottle_02,Biotic,7,Aerobic,lactose,Yes,8,5253,4455.44908,16.8,0,0,175.1071383,148.5149693
B8F3,A,Bottle_03,Biotic,2,Aerobic,glucose,Yes,8,3938,3052.291448,20.2,0,0,131.2651906,101.7430483
B8F4,A,Bottle_04,Biotic,7,Aerobic,glucose,Yes,8,5054,3342.963444,13.2,2.11,0,168.4710326,111.4321148
B8F5,A,Bottle_05,Biotic,2,Anaerobic,lactose,Yes,8,3846,2911.595304,10.6,0,0,128.216636,97.05317678
B8F6,A,Bottle_06,Biotic,7,Anaerobic,lactose,Yes,8,4781,4102.990091,13.2,2.35,1.647448355,159.3529809,136.7663364
B8F7,A,Bottle_07,Biotic,2,Anaerobic,glucose,Yes,8,4392,3083.879424,10,2.55,2.248194605,146.3938724,102.7959808
B8F8,A,Bottle_08,Biotic,7,Anaerobic,glucose,Yes,8,3933,5040.070614,22.6,0,2.64151579,131.1145538,168.0023538
B8F9,A,Bottle_09,Biotic,2,Aerobic,lactose,No,8,0,0,0,0,0,NA,NA
B8F10,A,Bottle_10,Biotic,7,Aerobic,lactose,No,8,0,0,0,2.19,0,NA,NA
B8F11,A,Bottle_11,Biotic,2,Aerobic,glucose,No,8,0,0,0,0,0,NA,NA
B8F12,A,Bottle_12,Biotic,7,Aerobic,glucose,No,8,0,0,0,3.21,0,NA,NA
B8F13,A,Bottle_13,Biotic,2,Anaerobic,lactose,No,8,0,0,0,2.11,0,NA,NA
B8F14,A,Bottle_14,Biotic,7,Anaerobic,lactose,No,8,0,0,0,2.09,0,NA,NA
B8F15,A,Bottle_15,Biotic,2,Anaerobic,glucose,No,8,0,0,0,2.76,0,NA,NA
B8F16,A,Bottle_16,Biotic,7,Anaerobic,glucose,No,8,0,0,0,0,0,NA,NA
B24F1,A,Bottle_01,Biotic,2,Aerobic,lactose,Yes,24,NA,5119.236239,17.3,2.04,0,NA,170.641208
B24F2,A,Bottle_02,Biotic,7,Aerobic,lactose,Yes,24,4208,9265.30169,3.2,2.15,0,140.2621892,308.8433897
B24F3,A,Bottle_03,Biotic,2,Aerobic,glucose,Yes,24,4070,4512.509618,18.2,0,3.612034332,135.6524215,150.4169873
B24F4,A,Bottle_04,Biotic,7,Aerobic,glucose,Yes,24,4614,5101.334666,0,3.08,4.240898855,153.7962011,170.0444889
B24F5,A,Bottle_05,Biotic,2,Anaerobic,lactose,Yes,24,3550,6793.47556,29.1,2.14,0,118.3193807,226.4491853
B24F6,A,Bottle_06,Biotic,7,Anaerobic,lactose,Yes,24,4046,8050.606045,0,2.14,0,134.8535796,268.3535348
B24F7,A,Bottle_07,Biotic,2,Anaerobic,glucose,Yes,24,3346,6659.367807,23.9,0,4.103742153,111.5291637,221.9789269
B24F8,A,Bottle_08,Biotic,7,Anaerobic,glucose,Yes,24,3949,6946.867183,0,2.4,4.537944111,131.6172267,231.5622394
B24F9,A,Bottle_09,Biotic,2,Aerobic,lactose,No,24,0,0,0,0,0,NA,NA
B24F10,A,Bottle_10,Biotic,7,Aerobic,lactose,No,24,0,0,0,2.04,0,NA,NA
B24F11,A,Bottle_11,Biotic,2,Aerobic,glucose,No,24,0,0,0,0,0,NA,NA
B24F12,A,Bottle_12,Biotic,7,Aerobic,glucose,No,24,0,0,0,0,0,NA,NA
B24F13,A,Bottle_13,Biotic,2,Anaerobic,lactose,No,24,0,0,0,0,0,NA,NA
B24F14,A,Bottle_14,Biotic,7,Anaerobic,lactose,No,24,0,0,0,2.22,0,NA,NA
B24F15,A,Bottle_15,Biotic,2,Anaerobic,glucose,No,24,0,0,0,2.11,0,NA,NA
B24F16,A,Bottle_16,Biotic,7,Anaerobic,glucose,No,72,0,0,0,0,0,NA,NA
B72F1,A,Bottle_01,Biotic,2,Aerobic,lactose,Yes,72,NA,1274.899319,23.9,0,5.591621951,NA,42.49664396
B72F2,A,Bottle_02,Biotic,7,Aerobic,lactose,Yes,72,NA,1125.623406,0,2.51,7.081147695,NA,37.52078019
B72F3,A,Bottle_03,Biotic,2,Aerobic,glucose,Yes,72,3837,1189.308483,20.9,2.01,0,127.9104413,39.6436161
B72F4,A,Bottle_04,Biotic,7,Aerobic,glucose,Yes,72,4075,1210.019814,0,2.53,4.669473212,135.8358653,40.33399381
B72F5,A,Bottle_05,Biotic,2,Anaerobic,lactose,Yes,72,3745,1541.932384,22.9,2,4.310353151,124.8201716,51.39774613
B72F6,A,Bottle_06,Biotic,7,Anaerobic,lactose,Yes,72,4069,1347.194675,0,2.29,4.537544394,135.6487778,44.90648916
B72F7,A,Bottle_07,Biotic,2,Anaerobic,glucose,Yes,72,3980,1522.156533,21.9,0,3.451780693,132.6561074,50.73855108
B72F8,A,Bottle_08,Biotic,7,Anaerobic,glucose,Yes,72,NA,490.0268731,0,2.05,0,NA,16.3342291
B72F9,A,Bottle_09,Biotic,2,Aerobic,lactose,No,72,0,0,0,0,0,NA,NA
B72F10,A,Bottle_10,Biotic,7,Aerobic,lactose,No,72,5.152700371,0,0,0,0,NA,NA
B72F11,A,Bottle_11,Biotic,2,Aerobic,glucose,No,72,0,0,0,0,0,NA,NA
B72F12,A,Bottle_12,Biotic,7,Aerobic,glucose,No,72,0,0,0,0,0,NA,NA
B72F13,A,Bottle_13,Biotic,2,Anaerobic,lactose,No,72,0,0,0,0,0,NA,NA
B72F14,A,Bottle_14,Biotic,7,Anaerobic,lactose,No,72,0,0,0,0,0,NA,NA
B72F15,A,Bottle_15,Biotic,2,Anaerobic,glucose,No,72,0,0,0,0,0,NA,NA
B72F16,A,Bottle_16,Biotic,7,Anaerobic,glucose,No,72,0,0,0,0,0,NA,NA
B168F1,A,Bottle_01,Biotic,2,Aerobic,lactose,Yes,168,4442,681.4788854,24.3,0,3.859468148,148.0560486,22.71596285
B168F2,A,Bottle_02,Biotic,7,Aerobic,lactose,Yes,168,4723,475.3917028,0,2.77,4.204371997,157.4188852,15.84639009
B168F3,A,Bottle_03,Biotic,2,Aerobic,glucose,Yes,168,3429,607.6142415,24.2,0,3.41947188,114.3021022,20.25380805
B168F4,A,Bottle_04,Biotic,7,Aerobic,glucose,Yes,168,4395,104.716161,0,2.3,0,146.5076688,3.4905387
B168F5,A,Bottle_05,Biotic,2,Anaerobic,lactose,Yes,168,3591,505.7167802,11.2,1.92,3.857356135,119.7155023,16.85722601
B168F6,A,Bottle_06,Biotic,7,Anaerobic,lactose,Yes,168,4372,776.149969,0,2.25,0,145.7451948,25.87166563
B168F7,A,Bottle_07,Biotic,2,Anaerobic,glucose,Yes,168,4062,970.4169659,26.2,0,3.531700309,135.4049797,32.3472322
B168F8,A,Bottle_08,Biotic,7,Anaerobic,glucose,Yes,168,3521,1217.792322,0,2.3,0,117.3680204,40.5930774
B168F9,A,Bottle_09,Biotic,2,Aerobic,lactose,No,168,0,0,0,0,0,NA,NA
B168F10,A,Bottle_10,Biotic,7,Aerobic,lactose,No,168,5.209071122,0,0,0,0,NA,NA
B168F11,A,Bottle_11,Biotic,2,Aerobic,glucose,No,168,6.913023186,0,0,0,0,NA,NA
B168F12,A,Bottle_12,Biotic,7,Aerobic,glucose,No,168,0,0,0,0,0,NA,NA
B168F13,A,Bottle_13,Biotic,2,Anaerobic,lactose,No,168,0,0,0,0,0,NA,NA
B168F14,A,Bottle_14,Biotic,7,Anaerobic,lactose,No,168,0,0,0,0,0,NA,NA
B168F15,A,Bottle_15,Biotic,2,Anaerobic,glucose,No,168,0,0,0,0,0,NA,NA
B168F16,A,Bottle_16,Biotic,7,Anaerobic,glucose,No,168,0,0,0,0,0,NA,NA
B0F17,A,Bottle_17,Abiotic,2,Aerobic,lactose,Yes,0,3121.8,1423.202722,25.07494041,0,2.529140648,104.0616465,47.44009075
B0F18,A,Bottle_18,Abiotic,7,Aerobic,lactose,Yes,0,2982.5,3575.651882,26.8659118,0,3.746160038,99.41529646,119.1883961
B0F19,A,Bottle_19,Abiotic,2,Aerobic,glucose,Yes,0,2722.9,1263.543761,29.14764601,0,3.15729548,90.76475572,42.11812538
B0F20,A,Bottle_20,Abiotic,7,Aerobic,glucose,Yes,0,NA,NA,NA,NA,NA,NA,NA
B0F21,A,Bottle_21,Abiotic,2,Anaerobic,lactose,Yes,0,2837.5,875.8555389,23.81898093,0,3.403085773,94.58187863,29.19518463
B0F22,A,Bottle_22,Abiotic,7,Anaerobic,lactose,Yes,0,2994.3,NA,20.23596544,0,0,99.81130494,NA
B0F23,A,Bottle_23,Abiotic,2,Anaerobic,glucose,Yes,0,2857.8,593.9310758,26.74961263,0,3.237585077,95.25899275,19.79770253
B0F24,A,Bottle_24,Abiotic,7,Anaerobic,glucose,Yes,0,3304.5,4774.453972,26.8533969,0,2.981040219,110.1504009,159.1484657
B0F25,A,Bottle_25,Abiotic,2,Aerobic,lactose,No,0,0,0,0,0,0,NA,NA
B0F26,A,Bottle_26,Abiotic,7,Aerobic,lactose,No,0,NA,NA,NA,NA,NA,NA,NA
B0F27,A,Bottle_27,Abiotic,2,Aerobic,glucose,No,0,12.3,0,0,0,0,NA,NA
B0F28,A,Bottle_28,Abiotic,7,Aerobic,glucose,No,0,0,0,0,0,0,NA,NA
B0F29,A,Bottle_29,Abiotic,2,Anaerobic,lactose,No,0,0,0,0,0,0,NA,NA
B0F30,A,Bottle_30,Abiotic,7,Anaerobic,lactose,No,0,0,0,0,0,0,NA,NA
B0F31,A,Bottle_31,Abiotic,2,Anaerobic,glucose,No,0,0,0,0,0,0,NA,NA
B0F32,A,Bottle_32,Abiotic,7,Anaerobic,glucose,No,0,0,0,0,0,0,NA,NA
B4F17,A,Bottle_17,Abiotic,2,Aerobic,lactose,Yes,4,NA,NA,NA,0,NA,NA,NA
B4F18,A,Bottle_18,Abiotic,7,Aerobic,lactose,Yes,4,NA,NA,NA,0,NA,NA,NA
B4F19,A,Bottle_19,Abiotic,2,Aerobic,glucose,Yes,4,NA,NA,NA,0,NA,NA,NA
B4F20,A,Bottle_20,Abiotic,7,Aerobic,glucose,Yes,4,NA,NA,NA,0,NA,NA,NA
B4F21,A,Bottle_21,Abiotic,2,Anaerobic,lactose,Yes,4,NA,NA,NA,0,NA,NA,NA
B4F22,A,Bottle_22,Abiotic,7,Anaerobic,lactose,Yes,4,NA,NA,NA,0,NA,NA,NA
B4F23,A,Bottle_23,Abiotic,2,Anaerobic,glucose,Yes,4,NA,NA,NA,0,NA,NA,NA
B4F24,A,Bottle_24,Abiotic,7,Anaerobic,glucose,Yes,4,NA,NA,NA,0,NA,NA,NA
B4F25,A,Bottle_25,Abiotic,2,Aerobic,lactose,No,4,NA,NA,NA,0,NA,NA,NA
B4F26,A,Bottle_26,Abiotic,7,Aerobic,lactose,No,4,NA,NA,NA,0,NA,NA,NA
B4F27,A,Bottle_27,Abiotic,2,Aerobic,glucose,No,4,NA,NA,NA,0,NA,NA,NA
B4F28,A,Bottle_28,Abiotic,7,Aerobic,glucose,No,4,NA,NA,NA,0,NA,NA,NA
B4F29,A,Bottle_29,Abiotic,2,Anaerobic,lactose,No,4,NA,NA,NA,0,NA,NA,NA
B4F30,A,Bottle_30,Abiotic,7,Anaerobic,lactose,No,4,NA,NA,NA,0,NA,NA,NA
B4F31,A,Bottle_31,Abiotic,2,Anaerobic,glucose,No,4,NA,NA,NA,0,NA,NA,NA
B4F32,A,Bottle_32,Abiotic,7,Anaerobic,glucose,No,4,NA,NA,NA,0,NA,NA,NA
B8F17,A,Bottle_17,Abiotic,2,Aerobic,lactose,Yes,8,NA,NA,NA,0,NA,NA,NA
B8F18,A,Bottle_18,Abiotic,7,Aerobic,lactose,Yes,8,NA,NA,NA,0,NA,NA,NA
B8F19,A,Bottle_19,Abiotic,2,Aerobic,glucose,Yes,8,NA,NA,NA,0,NA,NA,NA
B8F20,A,Bottle_20,Abiotic,7,Aerobic,glucose,Yes,8,NA,NA,NA,0,NA,NA,NA
B8F21,A,Bottle_21,Abiotic,2,Anaerobic,lactose,Yes,8,NA,NA,NA,0,NA,NA,NA
B8F22,A,Bottle_22,Abiotic,7,Anaerobic,lactose,Yes,8,NA,NA,NA,0,NA,NA,NA
B8F23,A,Bottle_23,Abiotic,2,Anaerobic,glucose,Yes,8,NA,NA,NA,0,NA,NA,NA
B8F24,A,Bottle_24,Abiotic,7,Anaerobic,glucose,Yes,8,NA,NA,NA,0,NA,NA,NA
B8F25,A,Bottle_25,Abiotic,2,Aerobic,lactose,No,8,NA,NA,NA,0,NA,NA,NA
B8F26,A,Bottle_26,Abiotic,7,Aerobic,lactose,No,8,NA,NA,NA,0,NA,NA,NA
B8F27,A,Bottle_27,Abiotic,2,Aerobic,glucose,No,8,NA,NA,NA,0,NA,NA,NA
B8F28,A,Bottle_28,Abiotic,7,Aerobic,glucose,No,8,NA,NA,NA,0,NA,NA,NA
B8F29,A,Bottle_29,Abiotic,2,Anaerobic,lactose,No,8,NA,NA,NA,0,NA,NA,NA
B8F30,A,Bottle_30,Abiotic,7,Anaerobic,lactose,No,8,NA,NA,NA,0,NA,NA,NA
B8F31,A,Bottle_31,Abiotic,2,Anaerobic,glucose,No,8,NA,NA,NA,0,NA,NA,NA
B8F32,A,Bottle_32,Abiotic,7,Anaerobic,glucose,No,8,NA,NA,NA,0,NA,NA,NA
B24F17,A,Bottle_17,Abiotic,2,Aerobic,lactose,Yes,24,2818.409373,1108.021325,25.54183552,0,0,93.9469791,36.93404418
B24F18,A,Bottle_18,Abiotic,7,Aerobic,lactose,Yes,24,3444.682503,3101.645802,26.14389154,0,3.538731956,114.8227501,103.3881934
B24F19,A,Bottle_19,Abiotic,2,Aerobic,glucose,Yes,24,2694.445432,1107.58212,27.98805125,0,0,89.81484772,36.919404
B24F20,A,Bottle_20,Abiotic,7,Aerobic,glucose,Yes,24,NA,NA,NA,NA,NA,NA,NA
B24F21,A,Bottle_21,Abiotic,2,Anaerobic,lactose,Yes,24,2996.310413,233.0623337,25.24380215,0,2.333269734,99.87701377,7.768744456
B24F22,A,Bottle_22,Abiotic,7,Anaerobic,lactose,Yes,24,3244.228359,2749.72779,27.5273242,0,0,108.1409453,91.65759301
B24F23,A,Bottle_23,Abiotic,2,Anaerobic,glucose,Yes,24,3161.01124,236.006292,25.19669249,0,3.125709516,105.3670413,7.866876399
B24F24,A,Bottle_24,Abiotic,7,Anaerobic,glucose,Yes,24,3162.28089,4378.520083,28.72008343,0,2.94403513,105.409363,145.9506694
B24F25,A,Bottle_25,Abiotic,2,Aerobic,lactose,No,24,1.867134051,0,0,0,0,NA,NA
B24F26,A,Bottle_26,Abiotic,7,Aerobic,lactose,No,24,NA,NA,NA,NA,NA,NA,NA
B24F27,A,Bottle_27,Abiotic,2,Aerobic,glucose,No,24,9.449255273,0,0,0,0,NA,NA
B24F28,A,Bottle_28,Abiotic,7,Aerobic,glucose,No,24,0,0,0,0,0,NA,NA
B24F29,A,Bottle_29,Abiotic,2,Anaerobic,lactose,No,24,0,0,0,0,0,NA,NA
B24F30,A,Bottle_30,Abiotic,7,Anaerobic,lactose,No,24,0,0,0,0,0,NA,NA
B24F31,A,Bottle_31,Abiotic,2,Anaerobic,glucose,No,24,0,0,0,0,0,NA,NA
B24F32,A,Bottle_32,Abiotic,7,Anaerobic,glucose,No,72,7.045288116,0,0,0,2.100727286,NA,NA
B72F17,A,Bottle_17,Abiotic,2,Aerobic,lactose,Yes,72,NA,NA,NA,0,NA,NA,NA
B72F18,A,Bottle_18,Abiotic,7,Aerobic,lactose,Yes,72,NA,NA,NA,0,NA,NA,NA
B72F19,A,Bottle_19,Abiotic,2,Aerobic,glucose,Yes,72,NA,NA,NA,0,NA,NA,NA
B72F20,A,Bottle_20,Abiotic,7,Aerobic,glucose,Yes,72,NA,NA,NA,0,NA,NA,NA
B72F21,A,Bottle_21,Abiotic,2,Anaerobic,lactose,Yes,72,NA,NA,NA,0,NA,NA,NA
B72F22,A,Bottle_22,Abiotic,7,Anaerobic,lactose,Yes,72,NA,NA,NA,0,NA,NA,NA
B72F23,A,Bottle_23,Abiotic,2,Anaerobic,glucose,Yes,72,NA,NA,NA,0,NA,NA,NA
B72F24,A,Bottle_24,Abiotic,7,Anaerobic,glucose,Yes,72,NA,NA,NA,0,NA,NA,NA
B72F25,A,Bottle_25,Abiotic,2,Aerobic,lactose,No,72,NA,NA,NA,0,NA,NA,NA
B72F26,A,Bottle_26,Abiotic,7,Aerobic,lactose,No,72,NA,NA,NA,0,NA,NA,NA
B72F27,A,Bottle_27,Abiotic,2,Aerobic,glucose,No,72,NA,NA,NA,0,NA,NA,NA
B72F28,A,Bottle_28,Abiotic,7,Aerobic,glucose,No,72,NA,NA,NA,0,NA,NA,NA
B72F29,A,Bottle_29,Abiotic,2,Anaerobic,lactose,No,72,NA,NA,NA,0,NA,NA,NA
B72F30,A,Bottle_30,Abiotic,7,Anaerobic,lactose,No,72,NA,NA,NA,0,NA,NA,NA
B72F31,A,Bottle_31,Abiotic,2,Anaerobic,glucose,No,72,NA,NA,NA,0,NA,NA,NA
B72F32,A,Bottle_32,Abiotic,7,Anaerobic,glucose,No,72,NA,NA,NA,0,NA,NA,NA
B168F17,A,Bottle_17,Abiotic,2,Aerobic,lactose,Yes,168,4133.220926,651.1311146,28.57920143,0,0,137.7740309,21.70437049
B168F18,A,Bottle_18,Abiotic,7,Aerobic,lactose,Yes,168,4277.122602,3125.774122,20.57020262,0,3.052849361,142.5707534,104.1924707
B168F19,A,Bottle_19,Abiotic,2,Aerobic,glucose,Yes,168,3560.371276,483.4457756,23.03081049,0,0,118.6790425,16.11485919
B168F20,A,Bottle_20,Abiotic,7,Aerobic,glucose,Yes,168,NA,NA,NA,NA,NA,NA,NA
B168F21,A,Bottle_21,Abiotic,2,Anaerobic,lactose,Yes,168,2979.934245,165.2033499,27.30956496,0,0,99.33114152,5.50677833
B168F22,A,Bottle_22,Abiotic,7,Anaerobic,lactose,Yes,168,3212.816562,1800.709926,23.79591776,0,2.831682345,107.0938854,60.02366419
B168F23,A,Bottle_23,Abiotic,2,Anaerobic,glucose,Yes,168,3311.827022,186.0388611,28.47657926,0,0,110.3942341,6.20129537
B168F24,A,Bottle_24,Abiotic,7,Anaerobic,glucose,Yes,168,3564.440407,1829.315821,26.01829559,0,3.770580996,118.8146802,60.97719404
B168F25,A,Bottle_25,Abiotic,2,Aerobic,lactose,No,168,0,0,0,0,0,NA,NA
B168F26,A,Bottle_26,Abiotic,7,Aerobic,lactose,No,168,NA,NA,NA,NA,NA,NA,NA
B168F27,A,Bottle_27,Abiotic,2,Aerobic,glucose,No,168,15.77869576,0,0,0,0,NA,NA
B168F28,A,Bottle_28,Abiotic,7,Aerobic,glucose,No,168,4.769348688,0,0,0,0,NA,NA
B168F29,A,Bottle_29,Abiotic,2,Anaerobic,lactose,No,168,0,0,0,0,0,NA,NA
B168F30,A,Bottle_30,Abiotic,7,Anaerobic,lactose,No,168,0,0,0,0,0,NA,NA
B168F31,A,Bottle_31,Abiotic,2,Anaerobic,glucose,No,168,2.991272925,0,0,0,0,NA,NA
B168F32,A,Bottle_32,Abiotic,7,Anaerobic,glucose,No,168,0,0,0,0,0,NA,NA
B0M1,B,Bottle_01,Biotic,2,Aerobic,lactose,Yes,0,4545.705972,1152.937609,22.70674272,0,4.207638812,151.5235324,38.43125363
B0M2,B,Bottle_02,Biotic,7,Aerobic,lactose,Yes,0,4035.517934,4057.145733,27.43487472,2.131241747,4.179763321,134.5172645,135.2381911
B0M3,B,Bottle_03,Biotic,2,Aerobic,glucose,Yes,0,3607.824606,1025.139048,31.11150947,0,0,120.2608202,34.17130161
B0M4,B,Bottle_04,Biotic,7,Aerobic,glucose,Yes,0,3926.244166,4109.419026,24.11146873,0,0,130.8748055,136.9806342
B0M5,B,Bottle_05,Biotic,2,Anaerobic,lactose,Yes,0,3477.3259,777.403003,17.55449175,0,4.014397834,115.9108633,25.91343343
B0M6,B,Bottle_06,Biotic,7,Anaerobic,lactose,Yes,0,4218.656056,4488.211297,27.02957833,0,4.810380722,140.6218685,149.6070432
B0M7,B,Bottle_07,Biotic,2,Anaerobic,glucose,Yes,0,4628.227475,434.8310904,24.77844775,0,0,154.2742492,14.49436968
B0M8,B,Bottle_08,Biotic,7,Anaerobic,glucose,Yes,0,4138.423833,4519.554674,24.84114891,0,0,137.9474611,150.6518225
B0M9,B,Bottle_09,Biotic,2,Aerobic,lactose,No,0,0,0,0,0,0,NA,NA
B0M10,B,Bottle_10,Biotic,7,Aerobic,lactose,No,0,0,0,0,0,0,NA,NA
B0M11,B,Bottle_11,Biotic,2,Aerobic,glucose,No,0,0,0,0,0,0,NA,NA
B0M12,B,Bottle_12,Biotic,7,Aerobic,glucose,No,0,5.503884696,0,0,0,0,NA,NA
B0M13,B,Bottle_13,Biotic,2,Anaerobic,lactose,No,0,0,0,0,0,0,NA,NA
B0M14,B,Bottle_14,Biotic,7,Anaerobic,lactose,No,0,0,0,0,0,0,NA,NA
B0M15,B,Bottle_15,Biotic,2,Anaerobic,glucose,No,0,0,0,0,0,0,NA,NA
B0M16,B,Bottle_16,Biotic,7,Anaerobic,glucose,No,0,0,0,0,0,0,NA,NA
B4M1,B,Bottle_01,Biotic,2,Aerobic,lactose,Yes,4,4370.868779,2994.752153,27.498187,0,6.244036219,145.695626,99.82507178
B4M2,B,Bottle_02,Biotic,7,Aerobic,lactose,Yes,4,4123.919237,NA,22.20843349,0,5.163848145,137.4639746,NA
B4M3,B,Bottle_03,Biotic,2,Aerobic,glucose,Yes,4,NA,3020.868701,23.78781829,0,5.851977469,NA,100.6956234
B4M4,B,Bottle_04,Biotic,7,Aerobic,glucose,Yes,4,3940.354851,15714.64709,17.88779792,0,4.134279008,131.3451617,523.8215698
B4M5,B,Bottle_05,Biotic,2,Anaerobic,lactose,Yes,4,4204.951552,735.7233177,26.65227134,0,5.442387265,140.1650517,24.52411059
B4M6,B,Bottle_06,Biotic,7,Anaerobic,lactose,Yes,4,4158.632295,15821.0161,19.75318802,0,5.445957077,138.6210765,527.3672034
B4M7,B,Bottle_07,Biotic,2,Anaerobic,glucose,Yes,4,4576.033676,1030.964633,22.99103687,0,6.20244825,152.5344559,34.36548777
B4M8,B,Bottle_08,Biotic,7,Anaerobic,glucose,Yes,4,3679.78927,12939.50721,19.79987778,0,5.423945141,122.6596423,431.316907
B4M9,B,Bottle_09,Biotic,2,Aerobic,lactose,No,4,2.852112676,0,0,0,0,NA,NA
B4M10,B,Bottle_10,Biotic,7,Aerobic,lactose,No,4,0,0,0,0,0,NA,NA
B4M11,B,Bottle_11,Biotic,2,Aerobic,glucose,No,4,0,0,0,0,0,NA,NA
B4M12,B,Bottle_12,Biotic,7,Aerobic,glucose,No,4,0,0,0,0,0,NA,NA
B4M13,B,Bottle_13,Biotic,2,Anaerobic,lactose,No,4,3.19513675,0,0,0,0,NA,NA
B4M14,B,Bottle_14,Biotic,7,Anaerobic,lactose,No,4,0,0,0,0,0,NA,NA
B4M15,B,Bottle_15,Biotic,2,Anaerobic,glucose,No,4,0,0,0,0,4.09504608,NA,NA
B4M16,B,Bottle_16,Biotic,7,Anaerobic,glucose,No,4,3.871431555,0,0,0,0,NA,NA
B8M1,B,Bottle_01,Biotic,2,Aerobic,lactose,Yes,8,4764.754016,3789.892284,26.82485231,0,0,158.8251339,126.3297428
B8M2,B,Bottle_02,Biotic,7,Aerobic,lactose,Yes,8,4664.224295,NA,18.20362599,0,5.19006258,155.4741432,NA
B8M3,B,Bottle_03,Biotic,2,Aerobic,glucose,Yes,8,3982.232183,3576.412506,27.12686902,0,0,132.7410728,119.2137502
B8M4,B,Bottle_04,Biotic,7,Aerobic,glucose,Yes,8,4546.099795,NA,19.48832756,0,5.204913641,151.5366598,NA
B8M5,B,Bottle_05,Biotic,2,Anaerobic,lactose,Yes,8,3841.97784,1055.007002,27.3034834,0,5.249766937,128.065928,35.16690007
B8M6,B,Bottle_06,Biotic,7,Anaerobic,lactose,Yes,8,4911.316936,NA,19.15074353,0,0,163.7105645,NA
B8M7,B,Bottle_07,Biotic,2,Anaerobic,glucose,Yes,8,3857.208177,1954.767735,28.26526788,0,5.349589573,128.5736059,65.15892451
B8M8,B,Bottle_08,Biotic,7,Anaerobic,glucose,Yes,8,4436.450933,11817.2805,17.43410063,0,5.564537003,147.8816978,393.9093501
B8M9,B,Bottle_09,Biotic,2,Aerobic,lactose,No,8,3.520717034,0,0,0,0,NA,NA
B8M10,B,Bottle_10,Biotic,7,Aerobic,lactose,No,8,0,0,0,0,0,NA,NA
B8M11,B,Bottle_11,Biotic,2,Aerobic,glucose,No,8,3.549088776,0,0,0,0,NA,NA
B8M12,B,Bottle_12,Biotic,7,Aerobic,glucose,No,8,0,0,0,0,0,NA,NA
B8M13,B,Bottle_13,Biotic,2,Anaerobic,lactose,No,8,0,0,0,0,0,NA,NA
B8M14,B,Bottle_14,Biotic,7,Anaerobic,lactose,No,8,0,0,0,0,0,NA,NA
B8M15,B,Bottle_15,Biotic,2,Anaerobic,glucose,No,8,0,0,0,0,0,NA,NA
B8M16,B,Bottle_16,Biotic,7,Anaerobic,glucose,No,8,0,0,0,0,0,NA,NA
B24M1,B,Bottle_01,Biotic,2,Aerobic,lactose,Yes,24,4173.764145,2796.986013,28.44836015,0,5.738361986,139.1254715,93.23286709
B24M2,B,Bottle_02,Biotic,7,Aerobic,lactose,Yes,24,4102.732305,12516.99298,0,0,4.628986698,136.7577435,417.2330993
B24M3,B,Bottle_03,Biotic,2,Aerobic,glucose,Yes,24,3808.669602,3866.684757,27.82269301,0,0,126.9556534,128.8894919
B24M4,B,Bottle_04,Biotic,7,Aerobic,glucose,Yes,24,4425.830925,12001.00508,0,0,5.345404277,147.5276975,400.0335025
B24M5,B,Bottle_05,Biotic,2,Anaerobic,lactose,Yes,24,3665.016708,1261.893858,29.58284783,0,0,122.1672236,42.0631286
B24M6,B,Bottle_06,Biotic,7,Anaerobic,lactose,Yes,24,4241.705045,16951.80478,0,0,5.209607955,141.3901682,565.0601593
B24M7,B,Bottle_07,Biotic,2,Anaerobic,glucose,Yes,24,3690.686122,823.8747273,25.58476268,0,0,123.0228707,27.46249091
B24M8,B,Bottle_08,Biotic,7,Anaerobic,glucose,Yes,24,4458.135975,10444.62001,0,0,5.453150895,148.6045325,348.1540002
B24M9,B,Bottle_09,Biotic,2,Aerobic,lactose,No,24,0,0,0,0,0,NA,NA
B24M10,B,Bottle_10,Biotic,7,Aerobic,lactose,No,24,0,0,0,0,0,NA,NA
B24M11,B,Bottle_11,Biotic,2,Aerobic,glucose,No,24,0,0,0,0,0,NA,NA
B24M12,B,Bottle_12,Biotic,7,Aerobic,glucose,No,24,0,0,0,0,0,NA,NA
B24M13,B,Bottle_13,Biotic,2,Anaerobic,lactose,No,24,0,0,0,0,0,NA,NA
B24M14,B,Bottle_14,Biotic,7,Anaerobic,lactose,No,24,0,0,0,0,0,NA,NA
B24M15,B,Bottle_15,Biotic,2,Anaerobic,glucose,No,24,0,0,0,0,0,NA,NA
B24M16,B,Bottle_16,Biotic,7,Anaerobic,glucose,No,72,0,0,0,0,0,NA,NA
B72M1,B,Bottle_01,Biotic,2,Aerobic,lactose,Yes,72,4123.210179,444.822592,25.68021933,0,5.61772955,137.4403393,14.82741973
B72M2,B,Bottle_02,Biotic,7,Aerobic,lactose,Yes,72,4388.692775,3076.390078,0,0,4.573104479,146.2897592,102.5463359
B72M3,B,Bottle_03,Biotic,2,Aerobic,glucose,Yes,72,3286.213057,425.8495732,23.12071487,0,0,109.5404352,14.19498577
B72M4,B,Bottle_04,Biotic,7,Aerobic,glucose,Yes,72,3843.027429,3066.900383,0,0,0,128.1009143,102.2300128
B72M5,B,Bottle_05,Biotic,2,Anaerobic,lactose,Yes,72,4035.505864,219.4183737,26.66978067,0,0,134.5168621,7.313945789
B72M6,B,Bottle_06,Biotic,7,Anaerobic,lactose,Yes,72,4332.096551,2167.727256,0,0,0,144.4032184,72.25757519
B72M7,B,Bottle_07,Biotic,2,Anaerobic,glucose,Yes,72,4381.624311,144.5352343,24.65203087,0,0,146.0541437,4.817841145
B72M8,B,Bottle_08,Biotic,7,Anaerobic,glucose,Yes,72,4656.151425,2181.583971,0,0,5.655564214,155.2050475,72.7194657
B72M9,B,Bottle_09,Biotic,2,Aerobic,lactose,No,72,6.573226021,0,0,0,0,NA,NA
B72M10,B,Bottle_10,Biotic,7,Aerobic,lactose,No,72,0,0,0,0,0,NA,NA
B72M11,B,Bottle_11,Biotic,2,Aerobic,glucose,No,72,3.842534234,0,0,0,0,NA,NA
B72M12,B,Bottle_12,Biotic,7,Aerobic,glucose,No,72,0,0,0,0,0,NA,NA
B72M13,B,Bottle_13,Biotic,2,Anaerobic,lactose,No,72,0,0,0,0,0,NA,NA
B72M14,B,Bottle_14,Biotic,7,Anaerobic,lactose,No,72,0,0,0,0,0,NA,NA
B72M15,B,Bottle_15,Biotic,2,Anaerobic,glucose,No,72,0,0,0,0,0,NA,NA
B72M16,B,Bottle_16,Biotic,7,Anaerobic,glucose,No,72,0,0,0,0,0,NA,NA
B168M1,B,Bottle_01,Biotic,2,Aerobic,lactose,Yes,168,3045.635738,262.6609519,15.33679935,0,0,101.5211913,8.755365062
B168M2,B,Bottle_02,Biotic,7,Aerobic,lactose,Yes,168,3771.124924,NA,0,0,0,125.7041641,NA
B168M3,B,Bottle_03,Biotic,2,Aerobic,glucose,Yes,168,3475.362768,425.602384,22.60881397,0,0,115.8454256,14.18674613
B168M4,B,Bottle_04,Biotic,7,Aerobic,glucose,Yes,168,4133.491362,2156.27402,0,0,0,137.7830454,71.87580067
B168M5,B,Bottle_05,Biotic,2,Anaerobic,lactose,Yes,168,3417.293847,243.1427656,25.06718115,0,0,113.9097949,8.104758853
B168M6,B,Bottle_06,Biotic,7,Anaerobic,lactose,Yes,168,3943.956193,NA,0,0,0,131.4652064,NA
B168M7,B,Bottle_07,Biotic,2,Anaerobic,glucose,Yes,168,3368.813753,240.6346229,25.68899269,0,0,112.2937918,8.021154098
B168M8,B,Bottle_08,Biotic,7,Anaerobic,glucose,Yes,168,3581.887925,NA,0,0,0,119.3962642,NA
B168M9,B,Bottle_09,Biotic,2,Aerobic,lactose,No,168,0,0,0,0,0,NA,NA
B168M10,B,Bottle_10,Biotic,7,Aerobic,lactose,No,168,0,0,0,0,0,NA,NA
B168M11,B,Bottle_11,Biotic,2,Aerobic,glucose,No,168,0,0,0,0,0,NA,NA
B168M12,B,Bottle_12,Biotic,7,Aerobic,glucose,No,168,0,0,0,0,0,NA,NA
B168M13,B,Bottle_13,Biotic,2,Anaerobic,lactose,No,168,0,0,0,0,0,NA,NA
B168M14,B,Bottle_14,Biotic,7,Anaerobic,lactose,No,168,0,0,0,0,0,NA,NA
B168M15,B,Bottle_15,Biotic,2,Anaerobic,glucose,No,168,0,0,0,0,0,NA,NA
B168M16,B,Bottle_16,Biotic,7,Anaerobic,glucose,No,168,0,0,0,0,0,NA,NA
B0M17,B,Bottle_17,Abiotic,2,Aerobic,lactose,Yes,0,NA,239.0942557,NA,0,0,NA,7.969808524
B0M18,B,Bottle_18,Abiotic,7,Aerobic,lactose,Yes,0,4315.061219,2643.672187,34.50779854,0,0,143.835374,88.12240623
B0M19,B,Bottle_19,Abiotic,2,Aerobic,glucose,Yes,0,3254.210887,932.6618795,27.82225833,0,0,108.4736962,31.08872932
B0M20,B,Bottle_20,Abiotic,7,Aerobic,glucose,Yes,0,3464.696942,2623.506244,29.72741673,0,0,115.4898981,87.45020813
B0M21,B,Bottle_21,Abiotic,2,Anaerobic,lactose,Yes,0,3851.39979,189.8769381,29.95942323,0,0,128.379993,6.329231269
B0M22,B,Bottle_22,Abiotic,7,Anaerobic,lactose,Yes,0,3949.162006,2374.072221,28.66072299,0,0,131.6387335,79.1357407
B0M23,B,Bottle_23,Abiotic,2,Anaerobic,glucose,Yes,0,4057.701008,258.7199221,29.77761982,0,0,135.2567003,8.623997405
B0M24,B,Bottle_24,Abiotic,7,Anaerobic,glucose,Yes,0,3977.316055,3678.061403,26.96978067,0,0,132.5772018,122.6020468
B0M25,B,Bottle_25,Abiotic,2,Aerobic,lactose,No,0,26.69452166,0,0,0,0,NA,NA
B0M26,B,Bottle_26,Abiotic,7,Aerobic,lactose,No,0,0,0,0,0,0,NA,NA
B0M27,B,Bottle_27,Abiotic,2,Aerobic,glucose,No,0,0,0,0,0,0,NA,NA
B0M28,B,Bottle_28,Abiotic,7,Aerobic,glucose,No,0,0,0,0,0,0,NA,NA
B0M29,B,Bottle_29,Abiotic,2,Anaerobic,lactose,No,0,0,0,0,0,0,NA,NA
B0M30,B,Bottle_30,Abiotic,7,Anaerobic,lactose,No,0,0,0,0,0,0,NA,NA
B0M31,B,Bottle_31,Abiotic,2,Anaerobic,glucose,No,0,0,0,0,0,0,NA,NA
B0M32,B,Bottle_32,Abiotic,7,Anaerobic,glucose,No,0,0,0,0,0,0,NA,NA
B4M17,B,Bottle_17,Abiotic,2,Aerobic,lactose,Yes,4,NA,NA,NA,0,NA,NA,NA
B4M18,B,Bottle_18,Abiotic,7,Aerobic,lactose,Yes,4,NA,NA,NA,0,NA,NA,NA
B4M19,B,Bottle_19,Abiotic,2,Aerobic,glucose,Yes,4,NA,NA,NA,0,NA,NA,NA
B4M20,B,Bottle_20,Abiotic,7,Aerobic,glucose,Yes,4,NA,NA,NA,0,NA,NA,NA
B4M21,B,Bottle_21,Abiotic,2,Anaerobic,lactose,Yes,4,NA,NA,NA,0,NA,NA,NA
B4M22,B,Bottle_22,Abiotic,7,Anaerobic,lactose,Yes,4,NA,NA,NA,0,NA,NA,NA
B4M23,B,Bottle_23,Abiotic,2,Anaerobic,glucose,Yes,4,NA,NA,NA,0,NA,NA,NA
B4M24,B,Bottle_24,Abiotic,7,Anaerobic,glucose,Yes,4,NA,NA,NA,0,NA,NA,NA
B4M25,B,Bottle_25,Abiotic,2,Aerobic,lactose,No,4,NA,NA,NA,0,NA,NA,NA
B4M26,B,Bottle_26,Abiotic,7,Aerobic,lactose,No,4,NA,NA,NA,0,NA,NA,NA
B4M27,B,Bottle_27,Abiotic,2,Aerobic,glucose,No,4,NA,NA,NA,0,NA,NA,NA
B4M28,B,Bottle_28,Abiotic,7,Aerobic,glucose,No,4,NA,NA,NA,0,NA,NA,NA
B4M29,B,Bottle_29,Abiotic,2,Anaerobic,lactose,No,4,NA,NA,NA,0,NA,NA,NA
B4M30,B,Bottle_30,Abiotic,7,Anaerobic,lactose,No,4,NA,NA,NA,0,NA,NA,NA
B4M31,B,Bottle_31,Abiotic,2,Anaerobic,glucose,No,4,NA,NA,NA,0,NA,NA,NA
B4M32,B,Bottle_32,Abiotic,7,Anaerobic,glucose,No,4,NA,NA,NA,0,NA,NA,NA
B8M17,B,Bottle_17,Abiotic,2,Aerobic,lactose,Yes,8,NA,NA,NA,0,NA,NA,NA
B8M18,B,Bottle_18,Abiotic,7,Aerobic,lactose,Yes,8,NA,NA,NA,0,NA,NA,NA
B8M19,B,Bottle_19,Abiotic,2,Aerobic,glucose,Yes,8,NA,NA,NA,0,NA,NA,NA
B8M20,B,Bottle_20,Abiotic,7,Aerobic,glucose,Yes,8,NA,NA,NA,0,NA,NA,NA
B8M21,B,Bottle_21,Abiotic,2,Anaerobic,lactose,Yes,8,NA,NA,NA,0,NA,NA,NA
B8M22,B,Bottle_22,Abiotic,7,Anaerobic,lactose,Yes,8,NA,NA,NA,0,NA,NA,NA
B8M23,B,Bottle_23,Abiotic,2,Anaerobic,glucose,Yes,8,NA,NA,NA,0,NA,NA,NA
B8M24,B,Bottle_24,Abiotic,7,Anaerobic,glucose,Yes,8,NA,NA,NA,0,NA,NA,NA
B8M25,B,Bottle_25,Abiotic,2,Aerobic,lactose,No,8,NA,NA,NA,0,NA,NA,NA
B8M26,B,Bottle_26,Abiotic,7,Aerobic,lactose,No,8,NA,NA,NA,0,NA,NA,NA
B8M27,B,Bottle_27,Abiotic,2,Aerobic,glucose,No,8,NA,NA,NA,0,NA,NA,NA
B8M28,B,Bottle_28,Abiotic,7,Aerobic,glucose,No,8,NA,NA,NA,0,NA,NA,NA
B8M29,B,Bottle_29,Abiotic,2,Anaerobic,lactose,No,8,NA,NA,NA,0,NA,NA,NA
B8M30,B,Bottle_30,Abiotic,7,Anaerobic,lactose,No,8,NA,NA,NA,0,NA,NA,NA
B8M31,B,Bottle_31,Abiotic,2,Anaerobic,glucose,No,8,NA,NA,NA,0,NA,NA,NA
B8M32,B,Bottle_32,Abiotic,7,Anaerobic,glucose,No,8,NA,NA,NA,0,NA,NA,NA
B24M17,B,Bottle_17,Abiotic,2,Aerobic,lactose,Yes,24,3657.657105,0,NA,0,0,121.9219035,0
B24M18,B,Bottle_18,Abiotic,7,Aerobic,lactose,Yes,24,3285.34681,7195.599911,33.90682372,0,0,109.5115603,239.8533304
B24M19,B,Bottle_19,Abiotic,2,Aerobic,glucose,Yes,24,3215.464389,1532.29433,25.82680747,0,0,107.1821463,51.07647768
B24M20,B,Bottle_20,Abiotic,7,Aerobic,glucose,Yes,24,3571.791462,4239.628029,32.46994314,0,0,119.0597154,141.3209343
B24M21,B,Bottle_21,Abiotic,2,Anaerobic,lactose,Yes,24,3103.354732,584.4680503,26.76007311,0,0,103.4451577,19.48226834
B24M22,B,Bottle_22,Abiotic,7,Anaerobic,lactose,Yes,24,3675.609916,3875.562987,32.33456539,0,0,122.5203305,129.1854329
B24M23,B,Bottle_23,Abiotic,2,Anaerobic,glucose,Yes,24,3259.591982,538.071836,28.99337937,0,0,108.6530661,17.93572787
B24M24,B,Bottle_24,Abiotic,7,Anaerobic,glucose,Yes,24,4000.484217,2391.772815,30.87989439,0,0,133.3494739,79.7257605
B24M25,B,Bottle_25,Abiotic,2,Aerobic,lactose,No,24,0,0,0,0,0,NA,NA
B24M26,B,Bottle_26,Abiotic,7,Aerobic,lactose,No,24,0,0,0,0,0,NA,NA
B24M27,B,Bottle_27,Abiotic,2,Aerobic,glucose,No,24,0,0,0,0,0,NA,NA
B24M28,B,Bottle_28,Abiotic,7,Aerobic,glucose,No,24,0,0,0,0,0,NA,NA
B24M29,B,Bottle_29,Abiotic,2,Anaerobic,lactose,No,24,0,0,0,0,0,NA,NA
B24M30,B,Bottle_30,Abiotic,7,Anaerobic,lactose,No,24,0,0,0,0,0,NA,NA
B24M31,B,Bottle_31,Abiotic,2,Anaerobic,glucose,No,24,0,0,0,0,0,NA,NA
B24M32,B,Bottle_32,Abiotic,7,Anaerobic,glucose,No,72,0,0,0,0,0,NA,NA
M72M17,B,Bottle_17,Abiotic,2,Aerobic,lactose,Yes,72,NA,NA,NA,0,NA,NA,NA
M72M18,B,Bottle_18,Abiotic,7,Aerobic,lactose,Yes,72,NA,NA,NA,0,NA,NA,NA
M72M19,B,Bottle_19,Abiotic,2,Aerobic,glucose,Yes,72,NA,NA,NA,0,NA,NA,NA
M72M20,B,Bottle_20,Abiotic,7,Aerobic,glucose,Yes,72,NA,NA,NA,0,NA,NA,NA
M72M21,B,Bottle_21,Abiotic,2,Anaerobic,lactose,Yes,72,NA,NA,NA,0,NA,NA,NA
M72M22,B,Bottle_22,Abiotic,7,Anaerobic,lactose,Yes,72,NA,NA,NA,0,NA,NA,NA
M72M23,B,Bottle_23,Abiotic,2,Anaerobic,glucose,Yes,72,NA,NA,NA,0,NA,NA,NA
M72M24,B,Bottle_24,Abiotic,7,Anaerobic,glucose,Yes,72,NA,NA,NA,0,NA,NA,NA
M72M25,B,Bottle_25,Abiotic,2,Aerobic,lactose,No,72,NA,NA,NA,0,NA,NA,NA
M72M26,B,Bottle_26,Abiotic,7,Aerobic,lactose,No,72,NA,NA,NA,0,NA,NA,NA
M72M27,B,Bottle_27,Abiotic,2,Aerobic,glucose,No,72,NA,NA,NA,0,NA,NA,NA
M72M28,B,Bottle_28,Abiotic,7,Aerobic,glucose,No,72,NA,NA,NA,0,NA,NA,NA
M72M29,B,Bottle_29,Abiotic,2,Anaerobic,lactose,No,72,NA,NA,NA,0,NA,NA,NA
M72M30,B,Bottle_30,Abiotic,7,Anaerobic,lactose,No,72,NA,NA,NA,0,NA,NA,NA
M72M31,B,Bottle_31,Abiotic,2,Anaerobic,glucose,No,72,NA,NA,NA,0,NA,NA,NA
M72M32,B,Bottle_32,Abiotic,7,Anaerobic,glucose,No,72,NA,NA,NA,0,NA,NA,NA
B168M17,B,Bottle_17,Abiotic,2,Aerobic,lactose,Yes,168,3280.993199,397.1974105,29.2011025,0,0,109.36644,13.23991368
B168M18,B,Bottle_18,Abiotic,7,Aerobic,lactose,Yes,168,3760.546218,6553.731275,22.17452324,0,0,125.3515406,218.4577092
B168M19,B,Bottle_19,Abiotic,2,Aerobic,glucose,Yes,168,2647.167258,489.6891977,30.38259833,0,0,88.23890862,16.32297326
B168M20,B,Bottle_20,Abiotic,7,Aerobic,glucose,Yes,168,3230.559815,4741.100155,0,0,0,107.6853272,158.0366718
B168M21,B,Bottle_21,Abiotic,2,Anaerobic,lactose,Yes,168,3431.515278,291.4514406,30.86165077,0,0,114.3838426,9.715048019
B168M22,B,Bottle_22,Abiotic,7,Anaerobic,lactose,Yes,168,4300.651107,4987.897884,0,0,0,143.3550369,166.2632628
B168M23,B,Bottle_23,Abiotic,2,Anaerobic,glucose,Yes,168,3177.045667,312.4625084,28.88107867,0,0,105.9015222,10.41541695
B168M24,B,Bottle_24,Abiotic,7,Anaerobic,glucose,Yes,168,3669.71474,7222.14935,0,0,0,122.3238247,240.7383117
B168M25,B,Bottle_25,Abiotic,2,Aerobic,lactose,No,168,0,0,0,0,0,NA,NA
B168M26,B,Bottle_26,Abiotic,7,Aerobic,lactose,No,168,0,0,0,0,0,NA,NA
B168M27,B,Bottle_27,Abiotic,2,Aerobic,glucose,No,168,0,0,0,0,0,NA,NA
B168M28,B,Bottle_28,Abiotic,7,Aerobic,glucose,No,168,0,0,0,0,0,NA,NA
B168M29,B,Bottle_29,Abiotic,2,Anaerobic,lactose,No,168,0,0,0,0,0,NA,NA
B168M30,B,Bottle_30,Abiotic,7,Anaerobic,lactose,No,168,0,0,0,0,0,NA,NA
B168M31,B,Bottle_31,Abiotic,2,Anaerobic,glucose,No,168,0,0,0,0,0,NA,NA
B168M32,B,Bottle_32,Abiotic,7,Anaerobic,glucose,No,168,0,0,0,0,0,NA,NA
